0,1,2,3,4,5,6,7,8,9,yes,no
donna,giacche,blu,lino,Giacca-doppiopetto-in-lino,P/E-2023,casual,everyday-business,38-40-42-44-46-48,2000,0,1
donna,pantaloni,grigioscuro-ghiaccio-blu,lino,Pantaloni-dritti-in-lino,P/E-2023,casual,everyday-business,38-40-42-44-46-48-50,1000,0,1
donna,pantaloni,fantasia,twill-di-seta,Pantaloni-morbidi-in-twill-di-seta-stampa-check,P/E-2023,casual,everyday-business,36-38-40-42-44-46-48,1500,1,0
donna,sneakers,bianco-blu,pelle,Sneakers-in-tessuto-tecnico-pelle,P/E-2023,casual,everyday,36-36.5-37-38-38.5-39-40-41,1000,0,1
donna,abiti,nero-blu,jersey,Abito-tubino-in-jersey-di-viscosa-stretch,P/E-2023,elegant,cocktail-dinner,"38-40-42-44-46-48",1000,0,1
donna,giacche,fantasia,twill-di-seta,Giacca-doppiopetto-in-twill-di-seta-stampa-check,P/E-2023,casual,everyday-business,38-40-42-44-46-48,3000,0,1
donna,sandali,argento-oro,pelle,Sandali-infradito-in-nappa-laminata-gomma,P/E-2023,casual,everyday,36-36.5-37-38-38.5-39-40-41,1000,0,1
donna,sandali,nero,vernice,Sandali-con-tacco-in-vernice,P/E-2023,elegant,cocktail-dinner,36-36.5-37-38-38.5-39-40-41,1000,0,1
donna,sandali,nero-marrone,nappa,Sandali-flat-in-nappa,P/E-2023,elegant--casual,everyday-cocktail,36-36.5-37-38-38.5-39-40-41,1000,0,1
donna,sandali,nero,raso-sautage,Sandali-flat-in-raso-sautage,P/E-2023,casual,everyday,36-37-37.5-38-38.5-39-40-41,1000,0,1
donna,giacche,blunavy,cachemire,Giacca-monopetto-in-jersey-di-puro-cashmere,P/E-2023,elegant,dinner,38-40-42-44-46-48,3000,0,1
donna,pantaloni,blunavy-nero,lana,Pantaloni-in-crepe-di-lana,P/E-2023,elegant,everyday-dinner,38-40-42-44-46-48-50,1000,0,1
donna,scarpe,nero,pelle,Slingback-in-nappa-con-dettaglio-elastici,P/E-2023,elegant,everyday,37-38-38.5-39-40-41,1000,0,1
donna,abiti,rosa,tulle,Abito-in-tulle-cielo-stellato,P/E-2023,elegant,specialevent,40-42,7500,1,0
donna,scarpe,nude-nero,pelle,Ballerine-in-nappa-con-dettaglio-elastici,P/E-2023,elegant,everyday,37-38-39-40-41,1000,0,1
donna,scarpe,nude-nero,pelle,Slingback-con-tacco-in-vernice-con-scollo-asimmetrico,P/E-2023,elegant,specialevent-dinner-cocktail-everyday,36-37-37.5-38-38.5-39-40-41,1000,0,1
donna,abiti,blu-nero,misto-viscosa,Abito-longuette-in-misto-viscosa-punto-Milano,P/E-2023,elegant,specialevent-dinner,"38-40-42-44-46-48",1000,0,1
donna,sandali,oro,viscosa-seta,Sandali-con-tacco-motivo-snake,P/E-2023,elegant,specialevent-dinner,37-38-38.5-39-39.5-40-41,1000,0,1
donna,t-shirt,blu-bianco,cotone,T-shirt-over-in-cotone-ricamato,Denim-Collection,casual,everyday,38-40-42-44-46-48,500,1,0
donna,pantaloni,denim,cotone,Pantaloni-ampi-in-denim-di-cotone-stretch,Denim-Collection,casual,everyday,38-40-42-44-46-48,1000,0,1
donna,giacche,blu,lino,Caban-corto-in-lino-stampa-delavé,Denim-Collection,casual,everyday,38-40-42-44-46-48-50,1500,1,0
uomo,giacche,bianco,cotone,Blouson-in-cotone-gessato-,Armani-Sustainability-Values,casual,everyday,46-48-50-52-54-56,2000,0,1
uomo,pantaloni,bianco,cotone,Pantaloni-a-una-pince-in-cotone-gessato,"Armani-Sustainability-Values",casual,everyday,46-48-50-52-54-56,1000,0,1
uomo,giacche,blu,misto-cotone,"Giacca-doppiopetto-in-seersucker-di-cotone-gessato",P/E-2023,casual,everyday,46-48-50-52-54,2000,0,1
uomo,pantaloni,blu,misto-cotone,"Pantaloni-cargo-a-due-pinces-in-seersucker-di-cotone-gessato",P/E-2023,casual,everyday,46-48-50-52,1000,0,1
uomo,giacche,blunavy,misto-viscosa,"Blouson-in-misto-viscosa-con-ricamo",Armani-Sustainability-Values,casual,everyday,48-50-52-54-56,2500,1,0
uomo,pantaloni,blunavy,msto-viscosa,"Pantaloni-a-una-pince-in-misto-viscosa-",Armani-Sustainability-Values,casual,everyday,48-50-52-54-56,1500,1,0
uomo,camicie,blu,cotone,"Camicia-polo-in-cotone-con-stampa-logo-all-over",P/E-2023,casual,everyday,39-40-41-42,1000,0,1
uomo,camicie,blu,seta-di-gelso,"Camicia-a-maniche-corte-in-seta-stampata",P/E-2023,casual,everyday,39-40-41-42,1500,1,0
uomo,camicie,fantasia,seta,"Camicia-a-maniche-corte-in-seta-stampata",P/E-2023,casual,everyday,38-39-40-41,1000,0,1
uomo,pantaloni,beige,lana-vergine,"Pantaloni-a-una-pince-in-seersucker-di-lana-cashmere",P/E-2023,casual,everyday,46-48-50-52-54-56,1000,0,1
uomo,giacche,fantasia,cupro,Giacca-camicia-in-cupro-stampato,Armani-Sustainability-Values,casual,everyday,46-48-50-52-54-56,2000,0,1
uomo,pantaloni,fantasia,cupro,Pantaloni-a-due-pinces-in-cupro-stampato,Armani-Sustainability-Values,casual,everyday,46-48-50-52-54-56,1500,1,0
uomo,giacche,rosacipria-blu-blunavy,misto-lyocell,Giacca-monopetto-in-lyocell-seta,Armani-Sustainability-Values,casual,everyday,46-48-50-52-54-56,2000,0,1
uomo,camicie,rosacipria-blu,misto-lyocell,Camicia-in-lyocell-seta,Armani-Sustainability-Values,casual,everyday,S-M-L-XL-XXL,1000,0,1
uomo,camicie,blu,misto-viscosa,"Camicia-polo-in-viscosa-seta",P/E-2023,casual,everyday,38-39-40-41-42,1000,0,1
uomo,pantaloni,rosacipria-blu-blunavy,misto-lyocell,Pantaloni-a-una-pince-in-lyocell-seta,Armani-Sustainability-Values,casual,everyday,46-48-50-52-54-56-58-60,1000,0,1
uomo,giacche,blunavy,lyocell,Giacca-monopetto-in-lyocell,Armani-Sustainability-Values,casual,everyday,46-48-50-52-54,3000,0,1
uomo,pantaloni,blunavy,lyocell,"Pantaloni-a-due-pinces-in-lyocell",Armani-Sustainability-Values,casual,everyday,46-48-50-52-54,1500,1,0
uomo,pantaloni,bianco,misto-cotone,"Pantaloni-flat-front-in-lino-cotone-canneté",P/E-2023,casual,everyday,46-48-50-52-54-56,1000,0,1
uomo,abiti,nero,lana-vergine,"Abito-linea-Soho-in-lana-cashmere",P/E-2023,casual,everyday,44-46-48-50-52-54-56-58-60,2500,1,0
uomo,camicie,bianco,cotone,"Camicia-slim-fit-in-jersey-di-cotone",P/E-2023,elegant,everyday-business,38-39-40-41-42,500,1,0
uomo,abiti,nero-blunavy,lana-vergine,"Abito-Linea-Soft-monopetto-in-lana-water-repellent",P/E-2023,elegant,cocktail-dinner,46-48-50-52-54-56,2000,0,1
uomo,giacche,beige,viscosa--poliammide-elastan,Giacca-monopetto-in-viscosa-stretch-bicolore,P/E-2023,elegant,business-everyday,44-46-48-50-52-54,2500,1,0
uomo,giacche,fantasia,lino--viscosa-acetato,Giacca-doppiopetto-Linea-Heritage-in-misto-viscosa-seta-jacquard,P/E-2023,elegant,busniess-everyday-cocktail-dinner,46-48-50-52-54-56,2500,1,0
uomo,blouson-,blu,viscosa-acetato,Blouson-in-misto-viscosa-jacquard-con-logo-all-over,P/E-2023,casual-,everyday,46-48-50-52-54-56,2000,0,1
uomo,pantaloni,blu,viscosa-acetato,Pantaloni-a-una-pince-in-misto-viscosa-jacquard-monogram,P/E-2023,casual-,everyday,46-48-50-52-54-56,1000,0,1
uomo,camicie,fantasia,cupro,Giacca-camicia-in-cupro-stampato-Armani-Sustainability-Values,Armani-Sustainability-Values,casual-,everyday,46-48-50-52-54-56,2000,0,1
uomo,giacche,bianco-grigiochiaro,seta-poliammide,Giacca-monopetto-in-twill-di-misto-seta,P/E-2023,elegant,everyday-cocktail-dinner,46-48-50-52-54-5658,2000,0,1
uomo,t-shirt,blu-nero-fantasia,cotone,T-shirt-girocollo-con-maxi-logo-in-interlock-di-cotone,P/E-2023,casual,everyday,46-48-50-52-54-56-58-60,500,1,0
