category,type,color,material,name,collection,tags_typology,tags_context,description,details,size,price,images,url
donna,giacche,blu,lino,Giacca doppiopetto in lino,P/E 2023,casual,"everyday, business","Giacca doppiopetto realizzata in lino, dalle linee rigorose che richiamano i modelli maschili. Il modello, reso particolarmente leggero da indossare, grazie alla freschezza del lino unita alla costruzione sfoderata, presenta revers a lancia, due tasche a toppa e un taschino sul petto.","- Composizione: 100% lino
 - Revers a lancia
 - Chiusura doppiopetto a due bottoni
 - Due ampie tasche applicate
 - Un taschino a filetto sul petto
 - Spacco al centro dietro
 - Foderata
 - Lunghezza: 70 cm","38, 40, 42, 44, 46, 48",1900,"[{""color"":""blu"",""url"":""https://www.armani.com/variants/images/1647597298995657/D/w800.jpg""}]",https://www.armani.com/it-it/giacca-doppiopetto-in-lino_cod1647597298995657.html
donna,pantaloni,"grigio scuro, ghiaccio e blu",lino,Pantaloni dritti in lino,P/E 2023,casual,"everyday, business","Design essenziale e volumi ampi per questi pantaloni realizzati in lino, con chiusura con zip e cinturino liscio. Un modello versatile, che grazie alla leggerezza del tessuto e le linee morbide, veste la silhouette senza costrizioni.","- Composizione: 100% lino
 - Cinturino liscio
 - Chiusura con zip sul fianco
 - Pieghe morbide sul davanti
 - Due tasche laterali a filetto
 - Ampiezza fondo: 20 cm
 - Made in Italy","38, 40, 42, 44, 46, 48, 50",790,"[{""color"":""blu"",""url"":""https://www.armani.com/variants/images/1647597298967503/F/w960.jpg""},{""color"":""grigio scuro"",""url"":""https://www.armani.com/variants/images/1647597298967475/F/w800.jpg""},{""color"":""ghiaccio"",""url"":""https://www.armani.com/variants/images/1647597298967502/F/w800.jpg""}]",https://www.armani.com/it-it/pantaloni-dritti-in-lino_cod1647597298967503.html
donna,pantaloni,fantasia,twill di seta,Pantaloni morbidi in twill di seta stampa check,P/E 2023,casual,"everyday, business","Pantaloni morbidi, realizzati in twill di seta, dal design senza tempo. Il modello presenta cinturino con passanti, due tasche a filetto e si caratterizzano per la stampa check dal leggero effetto sfumato, elemento ricorrente di collezione.","- Composizione: 100% seta
- Cinturino con passanti
- Chiusura con zip sottofinta
- Due tasche diagonali
- Due taschini a filetto sul retro
- Ampiezza fondo: 28 cm
- Made in Italy","36, 38, 40, 42, 44, 46, 48",1500,"[{""color"":""fantasia"",""url"":""https://www.armani.com/variants/images/1647597299001957/F/w800.jpg""}]",https://www.armani.com/it-it/pantaloni-morbidi-in-twill-di-seta-stampa-check_cod1647597299001957.html
donna,sneakers,bianco e blu,pelle,Sneakers in tessuto tecnico e pelle,P/E 2023,casual,everyday,"Sneakers dalla connotazione sportiva e casual, realizzate in pelle di vitello e tessuto tecnico in tono. Il modello, caratterizzato dall'allacciatura che richiama le calzature di trekking, presenta una suola in gomma logata ed è personalizzato dal logo GA sul tallone. Una scarpa versatile, pensata per look rilassati adatti al tempo libero.","- Composizione: 100% pelle di bovino
 - Allacciatura stile trekking
 - Linguetta sul tallone
 - Logo GA sul tallone
 - Fondo gomma","36, 36.5, 37, 38, 38.5, 39, 40, 41",650,"[{""color"":""bianco"",""url"":""https://www.armani.com/variants/images/1647597298987019/F/w800.jpg""},{""color"":""blu"",""url"":""https://www.armani.com/variants/images/1647597298987020/F/w800.jpg""}]",https://www.armani.com/it-it/sneakers-in-tessuto-tecnico-e-pelle_cod1647597298987019.html
donna,abiti,nero e blu,jersey,Abito tubino in jersey di viscosa stretch,P/E 2023,elegant,"cocktail, dinner","Abito dal taglio a tubino dalle linee aderenti, realizzato in jersey di viscosa stretch. Il modello si caratterizza per il profondo scollo a V sulla schiena e il gioco di pieghe che lo impreziosisce e movimenta l'intero capo. Particolari: lo scollo frontale, che può essere portato con le spalle scoperte o coperte, a seconda dell'occasione.","- Composizione: 83% viscosa, 11% poliammide, 6% elastan
 - Scollo a V
 - Motivo di drappeggio sulle spalle
 - Corpino drappeggiato
 - Chiusura con zip sul retro
 - Profondo scollo a V sulla schiena
 - Made in Italy","38, 40, 42, 44, 46, 48

",600,"[{""color"":""nero"",""url"":""https://www.armani.com/variants/images/1647597298961606/F/w800.jpg""},{""color"":""blu"",""url"":""https://www.armani.com/variants/images/1647597298961605/F/w800.jpg""}]",https://www.armani.com/it-it/abito-tubino-in-jersey-di-viscosa-stretch_cod1647597298961606.html
donna,giacche,fantasia,twill di seta,Giacca doppiopetto in twill di seta stampa check,P/E 2023,casual,"everyday, business","Giacca doppiopetto realizzata in seta, dalle linee rigorose che richiamano i modelli maschili. Il modello, reso particolarmente confortevole da indossare, grazie alla leggerezza della seta e alla costruzione sfoderata, presenta revers a lancia, due tasche a toppa e un taschino sul petto ed è impreziosito dalla stampa check da delicato effetto sfumato, elemento ricorrente di collezione.","- Composizione: 100% seta
- Revers a lancia
- Chiusura doppiopetto a due bottoni
- Due ampie tasche applicate
- Un taschino a filetto sul petto
- Spacco al centro dietro
- Foderata
- Lunghezza: 70 cm","38, 40, 42, 44, 46, 48",2900,"[{""color"":""fantasia"",""url"":""https://www.armani.com/variants/images/1647597298995658/F/w960.jpg""}]",https://www.armani.com/it-IT/giacca-doppiopetto-in-twill-di-seta-stampa-check_cod1647597298995658.html
donna,sandali,argento e oro,pelle,Sandali infradito in nappa laminata e gomma,P/E 2023,casual,everyday,"L'effetto stardust dato dall'ampia fascia in gomma illumina questi sandali infradito realizzati in nappa laminata. Un modello essenziale nelle forme e passepartout, che saprà completare numerosi look in abbinamento a pantaloni e gonne di collezione."," - Composizione: 100% pelle di vitello
- Dettagli in pelle laminata
- Inserto in gomma glitter
- Soletta interna in pelle
- Suola in cuoio
- Made in Italy","36, 36.5, 37, 38, 38.5, 39, 40, 41",550,"[{""color"":""argento"",""url"":""https://www.armani.com/variants/images/1647597298986207/F/w800.jpg""},{""color"":""oro"",""url"":""https://www.armani.com/variants/images/1647597309265994/F/w800.jpg""}]",https://www.armani.com/it-it/sandali-infradito-in-nappa-laminata-e-gomma_cod1647597298986207.html
donna,sandali,nero,vernice,Sandali con tacco in vernice,P/E 2023,elegant,"cocktail, dinner","Linea slanciata per questi sandali alti realizzati in vernice liquida, caratterizzati dal cinturino alla caviglia con elastico. Un modello dall'allure sofisticata, che saprà completare diversi outfit con un tocco ricercato ed elegante.","- Composizione: 100% pelle di bovino
 - Cinturino elasticizzato alla caviglia
 - Tacco a stiletto ricoperto
 - Altezza tacco: 9,5 cm
 - Soletta in pelle
 - Suola in cuoio
 - Made in Italy","36, 36.5, 37, 38, 38.5, 39, 40, 41",590,"[{""color"":""nero"",""url"":""https://www.armani.com/variants/images/45666037505232426/F/w800.jpg""}]",https://www.armani.com/it-it/sandali-con-tacco-in-vernice_cod45666037505232426.html
donna,sandali,nero e marrone,nappa,Sandali flat in nappa,P/E 2023,"elegant, casual","everyday, cocktail","Essenziali e puliti nella forma, questi sandali flat, realizzati in morbida nappa conquistano per la loro attitudine sofisticata e passepartout. Impreziositi dal motivo di impunture della fascia e dal sottopiede imbottito che assicura un comfort ottimale alla camminata, si prestano a numerosi abbinamenti con i look di collezione.","- Composizione: 100% pelle di agnello
 - Fascia con motivo di impunture
 - Dettaglio sottopiede imbottito con morivo impunture e logo GA metallico
 - Suola in cuoio
 - Altezza tacco: 6,5 cm
 - Made in Italy","36, 36.5, 37, 38, 38.5, 39, 40, 41",650,"[{""color"":""nero"",""url"":""https://www.armani.com/variants/images/1647597298986394/F/w800.jpg""},{""color"":""marrone"",""url"":""https://www.armani.com/variants/images/1647597298987010/F/w800.jpg""}]",https://www.armani.com/it-it/sandali-flat-in-nappa_cod1647597298986394.html
donna,sandali,nero,raso sautage,Sandali flat in raso sautage,P/E 2023,casual,everyday,"Sofisticata ciabattina realizzata in raso sautage, caratterizzata dal particolare ricamo a contrasto che impreziosisce la fascia. Un modello essenziale nelle linee, con morbida soletta leggermente imbottita e suola in cuoio, perfetto per completare outfit da giorno con un tocco chic.","- Composizione: 72% viscosa, 28% seta
- Dettaglio fascia unica con logo GA frontale
- Soletta imbottita
- Suola cuoio
- Made in Italy","36, 37, 37.5, 38, 38.5, 39, 40, 41",790,"[{""color"":""nero"",""url"":""https://www.armani.com/variants/images/45666037505117069/F/w800.jpg""}]",https://www.armani.com/it-it/sandali-flat-in-raso-sautage_cod45666037505117069.html
donna,giacche,blu navy,cachemire,Giacca monopetto in jersey di puro cashmere,P/E 2023,elegant,dinner,"La morbidezza del jersey di puro cashmere ingentilisce le linee di questa giacca monopetto a un bottone. Il modello, con revers a specchio, due tasche applicate e un taschino sul petto, è perfetto da abbinare a un pantalone scivolato e una maglia girocollo o a lupetto, per un look décontracté ma ricercato al tempo stesso.","- Composizione: 100% cachemire
- Revers a specchio
- Chiusura monopetto a un bottone
- Due tasche applicate
- Un taschino a filetto sul petto
- Polsini con bottoni
- Uno spacco al centro dietro
- Lunghezza: 66 cm
- Made in Italy","38, 40, 42, 44, 46, 48",2900,"[{""color"":""blunavy"",""url"":""https://www.armani.com/variants/images/46376663162570871/F/w800.jpg""}]",https://www.armani.com/it-it/giacca-monopetto-in-jersey-di-puro-cashmere_cod46376663162570871.html
donna,pantaloni,blu navy e nero,lana,Pantaloni in crepe di lana,P/E 2023,elegant,"everyday, dinner","Una ventata di eleganza décontracté dà vita a questi pantaloni che si caratterizzano per il fondo corto che slancia la figura. Le linee pulite e i dettagli essenziali fanno di questo capo un modello evergreen del guardaroba di ogni donna, da personalizzare con gli abbinamenti a seconda dell'occasione.","- Composizione: 100% lana vergine
- Fresco di lana
- Riprese
- Tinta unita basic
- Vita normale
- Zip e bottoni","38, 40, 42, 44, 46, 48, 50",650,"[{""color"":""nero"",""url"":""https://www.armani.com/variants/images/17411127375778879/F/w800.jpg""},{""color"":""blunavy"",""url"":""https://www.armani.com/variants/images/17411127375778878/F/w800.jpg""}]",https://www.armani.com/it-it/pantaloni-in-crepe-di-lana_cod17411127375778878.html
donna,scarpe,nero,pelle,Slingback in nappa con dettaglio elastici,P/E 2023,elegant,everyday,"Linea grintosa per queste slingback realizzate in nappa, dalla mano estremamente confortevole, caratterizzate dal cinturino con elastico. Il modello si distingue per la punta leggermente squadrata e il comodo tacco geometrico a clessidra. Perfette con pantaloni e gonne, rappresentano il complemento ideale di numerosi look da giorno.","- Composizione: 100% pelle di agnello
- Punta leggermente squadrata
- Dettaglio elastico sul tallone
- Soletta in pelle
- Suola in cuoio
- Tacco geometrico a clessidra
- Altezza: 3,5 cm
- Made in Italy","37, 38, 38.5, 39, 40, 41",650,"[{""color"":""nero"",""url"":""https://www.armani.com/variants/images/1647597298977458/F/w800.jpg""}]",https://www.armani.com/it-it/slingback-in-nappa-con-dettaglio-elastici_cod1647597298977458.html
donna,abiti,rosa,tulle,Abito in tulle cielo stellato,P/E 2023,elegant,special event,"Prezioso e luminoso, questo abito lungo da sera è realizzato nel raffinato tulle effetto cielo stellato, tessuto portavoce dei look più scenografici della collezione show. Un modello dal fascino romantico ed etereo, frutto di una lavorazione tutta italiana che vede l'utilizzo di diversi strati di tulle multicolore sormontati da uno strato ricamato con paillettes argento che dà vita ai bagliori che ne movimentano i volumi. Un capo lussuoso, impreziosito da un piping in scintillanti cristalli Swarovski, pensato per look speciali che lasciano il segno.","- Composizione: 100% poliammide
- Spalline sottili in Swarovski
- Dettaglio arricciatura sullo scollo
- Prezioso piping con cristalli in tono
- Modello realizzato con tre strati di tulle multicolore
- Ricamo paillettes effetto cielo stellato
- Fodera in charmeause di seta
- Made in Italy","40, 42",7500,"[{""color"":""rosa"",""url"":""https://www.armani.com/variants/images/1647597282713369/D/w960.jpg""}]",https://www.armani.com/it-IT/abito-in-tulle-cielo-stellato_cod1647597282713369.html
donna,scarpe,nude e nero,pelle,Ballerine in nappa con dettaglio elastici,,elegant,everyday,"La ballerina si distingue da sempre come calzatura confortevole e passepartout, grazie al suo design essenziale e al tempo stesso elegante. Questo modello, realizzato in morbida nappa e declinata nei colori di stagione, si caratterizza per la punta leggermente squadrata e il dettaglio degli elastici, che richiamano altri elementi di collezione.","- Composizione: 100% pelle di agnello
- Punta leggermente squadrata
- Dettaglio elastico sul tallone
- Soletta in pelle
- Suola in cuoio
- Altezza: 1, 5 cm
- Made in Italy","37, 38, 39, 40, 41",620,"[{""color"":""nero"",""url"":""https://www.armani.com/variants/images/1647597298978749/F/w800.jpg""},{""color"":""nude"",""url"":""https://www.armani.com/variants/images/1647597298978750/F/w800.jpg""}]",https://www.armani.com/it-it/ballerine-in-nappa-con-dettaglio-elastici_cod1647597298978750.html
donna,scarpe,nude e nero,pelle,Slingback con tacco in vernice con scollo asimmetrico,P/E 2023,elegant,"special event, dinner, cocktail, everyday","Un modello classico e intramontabile perfetto per outfit quotidiani e per occasioni più speciali. Décolleté slingback realizzate in pelle verniciata con esclusivo scollo asimmetrico, dettaglio distintivo tipico della maison. Altezza tacco: 8,5 cm.","- Composizione: 100% pelle di vitello
- Effetto verniciato
- Tinta unita basic
- Chiusura con fibbia
- Suola in cuoio
- Punta stretta
- Tacco a stiletto
- Tacco rivestito","36, 37, 37.5, 38, 38.5, 39, 40, 41",520,"[{""color"":""nero"",""url"":""https://www.armani.com/variants/images/17266703523688198/F/w800.jpg""},{""color"":""nude"",""url"":""https://www.armani.com/variants/images/17266703523688199/F/w800.jpg""}]",https://www.armani.com/it-it/slingback-con-tacco-in-vernice-con-scollo-asimmetrico_cod17266703523688199.html?
donna,abiti,blu e nero,misto viscosa,Abito longuette in misto viscosa punto Milano,P/E 2023,elegant,"special event, dinner","Elegante e raffinato tubino, caratterizzato dalla vestibilità aderente, che sottolinea ed esalta la silhouette. Il modello, realizzato in misto viscosa stretch punto Milano, è impreziosito dalla motivo di pieghe sul corpino che crea un sensuale ma discreto spacco frontale. Un modello sofisticato, che si adatta a look da giorno come da sera con un semplice cambio di accessori.","- Composizione: 71% viscosa, 24% poliammide, 5% elastan
- Scollo a V
- Maniche a 3/4 con dettaglio zip
- Dettaglio pieghe sul corpino
- Spacco frontale
- Chiusura con zip sul retro
- Lunghezza: 120 cm
- Made in Italy","38, 40, 42, 44, 46, 48

",950,"[{""color"":""nero"",""url"":""https://www.armani.com/variants/images/1647597298995649/F/w960.jpg""},{""color"":""blu"",""url"":""https://www.armani.com/variants/images/1647597298994661/F/w800.jpg""}]",https://www.armani.com/it-IT/abito-longuette-in-misto-viscosa-punto-milano_cod1647597298995649.html
donna,sandali,oro,viscosa e seta,Sandali con tacco motivo snake,P/E 2023,elegant,"special event, dinner","Linea sensuale per questi sandali con tacco a spillo, realizzati in raso di viscosa e seta, caratterizzati dal particolare motivo snake che veste con eleganza il dorso del piede. Un modello dall'allure sofisticata, che saprà completare diversi outfit con un tocco ricercato ed elegante."," - Composizione: 72% viscosa, 28% seta di gelso
- Motivo snake
- Tacco a spillo
- Soletta in pelle con logo
- Altezza tacco: 7 cm
- Made in Italy","37, 38, 38.5, 39, 39.5, 40, 41",850,"[{""color"":""oro"",""url"":""https://www.armani.com/variants/images/1647597298983113/F/w800.jpg""}]",https://www.armani.com/it-it/sandali-con-tacco-motivo-snake_cod1647597298983113.html
donna,t-shirt,blu e bianco,cotone,T-shirt over in cotone ricamato,Denim Collection,casual,everyday,"L'ingresso della sede storica della maison impreziosisce la parte frontale di questa t-shirt over realizzata in fresco e morbido jersey di cotone. Il modello, girocollo si caratterizza per il ricamo frontale a contrasto e si presta a numerosi abbinamenti con altre creazioni della linea Denim Collection, per look grintosi e di tendenza.","- Composizione: 100% cotone
- Girocollo
- Maniche corte con spalla scesa
- Ricamo esclusivo Capsule Denim a contrasto","38, 40, 42, 44, 46, 48",350,"[{""color"":""bianco"",""url"":""https://www.armani.com/variants/images/1647597298967292/F/w800.jpg""},{""color"":""blu"",""url"":""https://www.armani.com/variants/images/1647597298967291/F/w800.jpg""}]",https://www.armani.com/it-it/denim-collection-t-shirt-over-in-cotone-ricamato_cod1647597298967292.html
donna,pantaloni,denim,cotone,Pantaloni ampi in denim di cotone stretch,Denim Collection,casual,everyday,"Pantaloni ampi realizzati in denim di cotone stretch, dalla vestibilità confortevole e la mano morbida. Il modello, a vita alta e con tasche oblique impunturate, è personalizzato dal logo GA ricamato sulla tasca posteriore, che richiama altri capi della collezione. Un capo estremamente versatile, complemento perfetto di numerosi look.","- Composizione: 98% cotone, 2% elastan
- Vita alta
- Chiusura con zip e bottone
- Due tasche frontali oblique
- Due tasche a toppa sul retro
- Logo GA ricamato","38, 40, 42, 44, 46, 48",950,"[{""color"":""blu"",""url"":""https://www.armani.com/variants/images/1647597298973575/F/w800.jpg""}]",https://www.armani.com/it-it/denim-collection-pantaloni-ampi-in-denim-di-cotone-stretch_cod1647597298973575.html
donna,giacche,blu,lino,Caban corto in lino stampa delavé,Denim Collection,casual,everyday,"Attitudine disinvolta per questo caban corto realizzato in lino stampa delavé, accoppiato alla stampa floreale di collezione che ne delinea anche i profili. Il modello, con due ampie tasche sagomate sul davanti, si distingue per la vestibilità morbida e lo stile ricercato. Perfetto complemento di look da giorno in abbinamento ai denim di collezione.","- Composizione: 100% lino
- Collo montante
- Due ampie tasche a toppa sagomate sul davanti
- Sfoderato
- Lunghezza: 50 cm
- Made in Italy","38, 40, 42, 44, 46, 48, 50",1500,"[{""color"":""blu"",""url"":""https://www.armani.com/variants/images/1647597298974793/F/w800.jpg""}]",https://www.armani.com/it-it/denim-collection-caban-corto-in-lino-stampa-delave_cod1647597298974793.html
uomo,giacche,bianco,cotone,Blouson in cotone gessato ,Armani Sustainability Values,casual,everyday,"La stampa a righe verticali, elemento ricorrente di collezione, impreziosisce le linee essenziali di questo blouson monopetto in cotone realizzato con fibre naturali da agricoltura biologica. Il modello presenta collo guru, chiusura con bottoni e due tasche applicate con patta, che sottolineano lo spirito sportivo e urbano del capo. Un modello d'impatto, perfetto per completare look da giorno in chiave décontracté.","- Composizione: 100% Cotone
- Collo guru a un bottone
- Chiusura con bottoni
- Due tasche applicate sul petto
- Due tasche laterali a filetto
- Polsini con stringitori
- Dettaglio elastico al fondo
- Sfoderato
- Lunghezza: 62 cm
- Made in Italy","46, 48, 50, 52, 54, 56",1900,"[{""color"":""bianco"",""url"":""https://www.armani.com/variants/images/1647597313161503/F/w480.jpg""}]",https://www.armani.com/it-it/blouson-in-cotone-gessato-armani-sustainability-values_cod1647597313161503.html
uomo,pantaloni,bianco,cotone,Pantaloni a una pince in cotone gessato,"Armani Sustainability Values
",casual,everyday,"La stampa a righe verticali, elemento ricorrente di collezione, impreziosisce le linee essenziali di questi pantaloni a una pince realizzati in cotone realizzato con fibre naturali da agricoltura biologica. Il modello presenta elastico in vita con coulisse, chiusura con bottone e zip e due tasche a filetto, elementi che sottolineano lo spirito sportivo e urbano del capo. Un modello d'impatto, perfetto per completare look da giorno in chiave décontracté.","- Composizione: 100% Cotone
- Modello a una pince
- Elastico in vita con coulisse
- Chiusura con bottone e zip
- Due tasche a filetto
- Due tasche sul retro a filetto
- Ampiezza fondo: 19 cm
- Made in Italy","46, 48, 50, 52, 54, 56",990,"[{""color"":""bianco"",""url"":""https://www.armani.com/variants/images/1647597313161518/F/w480.jpg""}]",https://www.armani.com/it-it/pantaloni-a-una-pince-in-cotone-gessato-armani-sustainability-values_cod1647597313161518.html
uomo,giacche,blu,misto cotone,"Giacca doppiopetto in seersucker di cotone gessato",P/E 2023,casual,everyday,"Giacca doppiopetto realizzata in seersucker di cotone, caratterizzata dalla lavorazione gessato, che accentua la verticalità del modello. Un capo che si distingue per un'attitude rilassata, che mescola dettagli formali ad altri d'ispirazione più sportiva, come le due tasche applicate, il taschino sul petto e gli stringitori ai polsi. Versatile e informale, perfetto complemento di look adatti al giorno e al tempo libero.","- Composizione: 72% Cotone 24% Viscosa 4% Elastan
- Giacca doppiopetto
- Chiusura con bottoni
- Un taschino sul petto
- Due tasche applicate
- Polsini con stringitori
- Sfoderata
- Lunghezza: 72 cm
- Made in Italy","46, 48, 50, 52, 54",1900,"[{""color"":""blu"",""url"":""https://www.armani.com/variants/images/1647597313161492/F/w480.jpg""}]",https://www.armani.com/it-it/giacca-doppiopetto-in-seersucker-di-cotone-gessato_cod1647597313161492.html
uomo,pantaloni,blu,misto cotone,"Pantaloni cargo a due pinces in seersucker di cotone gessato
",P/E 2023,casual,everyday,"Pantaloni cargo realizzati in seersucker di cotone, caratterizzati dalla lavorazione gessato, che accentua la verticalità del modello. Un capo che si distingue per un'attitude rilassata, sottolineata da dettagli d'ispirazione sporty come la maxi tasca applicata e i volumi volutamente over. Versatili e contemporanei, perfetto complemento di look adatti al giorno e al tempo libero.","- Composizione: 72% Cotone 24% Viscosa 4% Elastan
- Modello a due pinces
- Cinturone con passanti
- Chiusura a due bottoni e zip
- Due tasche laterali a filetto
- Un tascone frontale con patta e bottone
- Due tasche sul retro a filetto con bottone
- Ampiezza fondo: 22 cm
- Made in Italy","46, 48, 50, 52",990,"[{""color"":""blu"",""url"":""https://www.armani.com/variants/images/1647597313161514/F/w480.jpg""}]",https://www.armani.com/it-it/pantaloni-cargo-a-due-pinces-in-seersucker-di-cotone-gessato_cod1647597313161514.html
uomo,giacche,blu navy,misto viscosa,"Blouson in misto viscosa con ricamo
",Armani Sustainability Values,casual,everyday,"Blouson in misto viscosa, realizzata con fibre artificiali di origine naturale da forestazione responsabile, reso particolare dall'effetto mosso che accentua la brillantezza del filato. Il modello, dalla costruzione essenziale con collo in magia in tono, chiusura frontale con zip e tasche laterali, è personalizzato dal ricamo sulla schiena, realizzato in tono, dell'indirizzo della sede storica della maison. L'impegno della maison nelle tematiche legate alla sostenibilità si riflette nell'utilizzo della viscosa certificata FSC, che assicura la provenienza da foreste gestite in modo responsabile e sostenibile.
","- Composizione: 84% Viscosa 16% Poliammide
- Collo baseball in maglia
- Chiusura con zip con doppio tiretto logato
- Due tasche laterali a filetto con bottone automatico
- Polsini in maglia
- Dettaglio elastico al fondo sul retro
- Personalizzazione con logo Giorgio Armani Via Borgonuovo 11
- ricamato in tono sulla schiena
- Sfoderato
- Lunghezza: 65 cm
- Made in Italy","48, 50, 52, 54, 56",2100,"[{""color"":""blunavy"",""url"":""https://www.armani.com/variants/images/1647597313161505/F/w480.jpg""}]",https://www.armani.com/it-it/blouson-in-misto-viscosa-con-ricamo-armani-sustainability-values_cod1647597313161505.html
uomo,pantaloni,blu navy,msto viscosa,"Pantaloni a una pince in misto viscosa 
",Armani Sustainability Values,casual,everyday,"Pantaloni a una pince realizzati in misto viscosa ottenuta con fibre artificiali di origine naturale da forestazione responsabile, resi particolari dall'effetto mosso che accentua la brillantezza del filato. Il modello, dalla costruzione essenziale con cinturino con passanti, chiusura frontale con zip e tasche a filetto, è perfetto per creare look disinvolti pensati per il giorno. L'impegno della maison nelle tematiche legate alla sostenibilità si riflette nell'utilizzo della viscosa certificata FSC, che assicura la provenienza da foreste gestite in modo responsabile e sostenibile.
","- Composizione: 77% Viscosa 23% Poliammide
- Modello a una pince
- Cinturino con passanti
- Chiusura con gancio, bottone e zip
- Due tasche a filetto
- Due tasche sul retro a filetto con bottone automatico
- Dettaglio piega laterale effetto goccia
- Ampiezza fondo: 20 cm
- Made in Italy","48, 50, 52, 54, 56",1100,"[{""color"":""blunavy"",""url"":""https://www.armani.com/variants/images/1647597313161516/F/w480.jpg""}]",https://www.armani.com/it-it/pantaloni-a-una-pince-in-misto-viscosa-armani-sustainability-values_cod1647597313161516.html
uomo,camicie,blu,cotone,"Camicia polo in cotone con stampa logo all-over",P/E 2023,casual,everyday,"Particolare camicia realizzata in cotone e caratterizzata dalla stampa con logo GA all-over a contrasto. Il particolare motivo dall'effetto impunturato crea un gioco di sovrapposizione che regala tridimensionalità al capo, che presenta collo guru e chiusura a 3/4 con bottoni in madreperla. Un modello versatile, perfetto alleato di look dallo spirito rilassato.

","- Composizione: 100% Cotone
- Vestibilità loose
- Collo guru con bottone e dettaglio impunture in tono
- Chiusura con tre bottoni
- Polsini a due bottoni
- Spacchi laterali
- Made in Italy","39, 40, 41, 42",650,"[{""color"":""blu"",""url"":""https://www.armani.com/variants/images/1647597313161490/F/w480.jpg""}]",https://www.armani.com/it-it/camicia-polo-in-cotone-con-stampa-logo-all-over_cod1647597313161490.html
uomo,camicie,blu,seta di gelso,"Camicia a maniche corte in seta stampata",P/E 2023,casual,everyday,"Camicia a maniche corte realizzata in seta, dalla vestibilità scivolata, impreziosita dalla stampa di ispirazione geometrica multicolore. Il dettaglio della spalla scesa, le taschine applicate e gli spacchi laterali sottolineano l'attitudine rilassata e disinvolta del capo, perfetto per dare carattere a numerosi look da giorno.
","- Composizione: 100% Seta di gelso
- Collo italiano morbido
- Chiusura con bottoni
- Maniche corte
- Tasche applicate con aletta e bottone
- Spacchi sui fianchi
- Made in Italy","39, 40, 41, 42",1300,"[{""color"":""blu"",""url"":""https://www.armani.com/variants/images/1647597298984026/F/w480.jpg""}]",https://www.armani.com/it-it/camicia-a-maniche-corte-in-seta-stampata_cod1647597298984026.html
uomo,camicie,fantasia,seta,"Camicia a maniche corte in seta stampata",P/E 2023,casual,everyday,"Questa camicia a maniche corte, realizzata in seta, si distingue per l'attitude fresca e rilassata. Il modello, dal volume over, è caratterizzato dalla stampa a contrasto di ispirazione geometrica, e si presta a completare numerosi look da giorno, in abbinamento ai pantaloni di collezione.
","- Composizione: 100% Seta
- Collo francese
- Maniche corte
- Allacciatura con bottoni in madreperla
- Spacchetti laterali
- Made in Italy","38, 39, 40 ,41",790,"[{""color"":""fantasia"",""url"":""https://www.armani.com/variants/images/1647597298986196/F/w480.jpg""}]",https://www.armani.com/it-it/camicia-a-maniche-corte-in-seta-stampata_cod1647597298986196.html
uomo,pantaloni,beige,lana vergine,"Pantaloni a una pince in seersucker di lana e cashmere",P/E 2023,casual,everyday,"Modello chiave dello stile disinvolto e ricercato della maison, questi pantaloni a una pince realizzati in seersucker di lana e cashmere saranno il perfetto complemento di numerosi look in abbinamento alle maglie e giacche di collezione. Un modello caratterizzato da una vestibilità morbida e confortevole, che presenta due tasche laterali, chiusura con zip nascosta e due tasche sul retro.
","- Composizione: 91% Lana Vergine 8% Cachemire 1% Elastan
- Modello a una pince
- Cintura con passanti
- Chiusura con bottone e zip
- Due tasche a filetto
- Due tasche a filetto con bottone sul retro
- Ampiezza fondo: 19 cm
- Made in Italy","46, 48, 50, 52, 54, 56",990,"[{""color"":""beige"",""url"":""https://www.armani.com/variants/images/1647597313166128/F/w480.jpg""}]",https://www.armani.com/it-it/pantaloni-a-una-pince-in-seersucker-di-lana-e-cashmere_cod1647597313166128.html
uomo,giacche,fantasia,cupro,Giacca camicia in cupro stampato,Armani Sustainability Values,casual,everyday,"Giacca camicia realizzata in cupro certificato, che assicura la presenza di materiali riciclati tracciati e il rispetto dei criteri ambientali e sociali per la produzione. Un capo leggero, fresco e dalla vestibilità fluida, impreziosito dalla particolare stampa bicolore effetto onda, elemento ricorrente di questa parte di collezione, e dal dettaglio delle tue tasche con toppa applicate.
","- Composizione: 100% Cupro
- Giacca camicia monopetto
- Piccolo collo a scialle
- Allacciatura con bottoni a vista
- Polsini con bottone
- Dettaglio due tasche con pattina e bottone applicate sul petto
- Sfoderata
- Lunghezza: 70 cm
- Made in Italy","46, 48, 50, 52, 54, 56",1900,"[{""color"":""fantasia"",""url"":""https://www.armani.com/variants/images/1647597298957115/F/w480.jpg""}]",https://www.armani.com/it-it/giacca-camicia-in-cupro-stampato-armani-sustainability-values_cod1647597298957115.html
uomo,pantaloni,fantasia,cupro,Pantaloni a due pinces in cupro stampato,Armani Sustainability Values,casual,everyday,"I pantaloni con pinces, proposti in una contemporanea vestibilità ampia, si confermano come complemento passepartout dei look di stagione. Il modello, realizzato in cupro riciclato, ravvivato da una stampa a contrasto dall'effetto mosso, si distingue per le caratteristiche pinces frontali. I passanti in vita, le tasche laterali in cucitura e quelle posteriori a doppio filetto con bottone completano il capo.
","- Composizione: 100% Cupro
- Modello a due pinces
- Cinturino con passanti
- Chiusura con bottone e zip
- Due tasche a filetto
- due tasche sul retro con bottone
- Ampiezza fondo: 21,5 cm
- Made in Italy","46, 48, 50, 52, 54, 56",1100,"[{""color"":""fantasia"",""url"":""https://www.armani.com/variants/images/1647597298988096/F/w480.jpg""}]",https://www.armani.com/it-it/pantaloni-a-due-pinces-in-cupro-stampato-armani-sustainability-values_cod1647597298988096.html
uomo,giacche,"rosa cipria, blu e blu navy",misto lyocell,Giacca monopetto in lyocell e seta,Armani Sustainability Values,casual,everyday,"Giacca monopetto in lyocell realizzato con fibre artificiali di origine naturale da forestazione responsabile e processi produttivi responsabili, e seta. Il modello, con collo piccolo, tasche applicate e taschino sul petto, si distingue per l'attitudine rilassata e fresca, che interpreta un nuovo concetto di giacca, più versatile e disinvolta.
","- Composizione: 84% Lyocell 16% Seta di gelso
- Giacca monopetto
- Chiusura con bottoni
- Un taschino sul petto
- Due tasche applicate
- Polsini con stringitori< e bottoni
- Sfoderata
- Spacco centrale sul retro
- Lunghezza: 72 cm
- Made in Italy","46, 48, 50, 52, 54, 56",1900,"[{""color"":""rosacipria"",""url"":""https://www.armani.com/variants/images/1647597313161494/F/w480.jpg""},{""color"":""blu"",""url"":""https://www.armani.com/variants/images/1647597313161495/F/w480.jpg""},{""color"":""blunavy"",""url"":""https://www.armani.com/variants/images/1647597313161496/F/w480.jpg""}]",https://www.armani.com/it-it/giacca-monopetto-in-lyocell-e-seta-armani-sustainability-values_cod1647597313161495.html
uomo,camicie,rosa cipria e blu,misto lyocell,Camicia in lyocell e seta,Armani Sustainability Values,casual,everyday,"Camicia in lyocell realizzato con fibre artificiali di origine naturale da forestazione responsabile e processi produttivi responsabili, e seta. Il modello, con collo morbido senza bottoni e piccoli spacchi laterali, si distingue per l'attitudine rilassata e fresca ed è perfetto da abbinare ai pantaloni di collezione in look sempre diversi.

","- Composizione: 84% Lyocell 16% Seta di gelso
- Vestibilità loose
- Collo morbido senza bottoni
- Polsini con bottoni in madreperla e fessino
- Due spacchi laterali
- Made in Italy","S, M, L, XL, XXL",590,"[{""color"":""rosacipria"",""url"":""https://www.armani.com/variants/images/1647597313161486/F/w480.jpg""},{""color"":""blu"",""url"":""https://www.armani.com/variants/images/1647597313161487/F/w480.jpg""}]",https://www.armani.com/it-it/camicia-in-lyocell-e-seta-armani-sustainability-values_cod1647597313161487.html
uomo,camicie,blu,misto viscosa,"Camicia polo in viscosa e seta",P/E 2023,casual,everyday,"Camicia polo realizzata in filato di viscosa e seta, dalla vestibilità fluida e leggera. Il modello è caratterizzato dal collo guru con impunture in tono, la chiusura a 3/4 con bottoni in madreperla e dai polsini con bottoni. Il dettaglio dei piccoli spacchi laterali sottolinea l'attitudine rilassata e fresca di questo capo pensato per look

","- Composizione: 55% Viscosa 45% Seta di gelso
- Vestibilità loose
- Collo guru a due bottoni con dettaglio impunture in tono
- Allacciatura con bottoni in madreperla
- Polsini con bottoni
- Carré posteriore
- Due spacchi laterali
- Made in Italy","38, 39, 40, 41, 42",850,"[{""color"":""blu"",""url"":""https://www.armani.com/variants/images/1647597313161485/F/w480.jpg""}]",https://www.armani.com/it-it/camicia-polo-in-viscosa-e-seta_cod1647597313161485.html
uomo,pantaloni,"rosa cipria, blu e blu navy",misto lyocell,Pantaloni a una pince in lyocell e seta,Armani Sustainability Values,casual,everyday,"Pantaloni realizzati in lyocell ottenuto con fibre artificiali di origine naturale da forestazione responsabile e processi produttivi responsabili, e seta. Il modello, a una pince, con tasche laterali a filetto e chiusura con bottone e zip, si distingue per l'attitudine rilassata e fresca ed è perfetto da abbinare alle camicie e t-shirt di collezione in look sempre diversi.
","- Composizione: 84% Lyocell 16% Seta di gelso
- Modello a una pince effetto goccia
- Elastico in vita
- Chiusura con bottone e zip
- Due tasche a filetto
- Due tasche sul retro a filetto con bottone automatico
- Ampiezza fondo: 19 cm
- Made in Italy","46, 48, 50, 52, 54, 56, 58, 60",830,"[{""color"":""rosacipria"",""url"":""https://www.armani.com/variants/images/1647597313161520/F/w480.jpg""},{""color"":""blunavy"",""url"":""https://www.armani.com/variants/images/1647597313161521/F/w480.jpg""},{""color"":""blu"",""url"":""https://www.armani.com/variants/images/1647597313161522/F/w480.jpg""}]",https://www.armani.com/it-it/pantaloni-a-una-pince-in-lyocell-e-seta-armani-sustainability-values_cod1647597313161521.html
uomo,giacche,blu navy,lyocell,Giacca monopetto in lyocell,Armani Sustainability Values,casual,everyday,"Giacca con vestibilità asciutta, completamente decostruita; caratteristica che conferisce al modello le iconiche linee fluide, grandi rappresentati dello stile Giorgio Armani. Modello monopetto a un bottone realizzato in lyocell proveniente da foreste gestite in modo responsabile e da processi a ridotto impatto ambientale. Impreziosita dal dettaglio a contrasto che crea un effetto di sovrapposizione, è un capo versatile e ricercato, perfetto alleato di look disinvolti.

","- Composizione: 100% Lyocell
- Revers a specchio
- Chiusura monopetto a un bottone
- Due tasche a filetto
- Un taschino a filetto sul petto
-Dettaglio inserto stampa logo GA effetto sciarpina
- Sfoderata
- Lunghezza: 73,5 cm
- Made in Italy","46, 48, 50, 52, 54",2600,"[{""color"":""blunavy"",""url"":""https://www.armani.com/variants/images/1647597298958031/F/w480.jpg""}]",https://www.armani.com/it-it/giacca-monopetto-in-lyocell-armani-sustainability-values_cod1647597298958031.html
uomo,pantaloni,blu navy,lyocell,"Pantaloni a due pinces in lyocell
",Armani Sustainability Values,casual,everyday,"I pantaloni con pinces, proposti in una contemporanea vestibilità ampia, incarnano lo spirito della stagione. Questo modello è realizzato in lyocell proveniente da foreste gestite in modo responsabile e da processi a ridotto impatto ambientale, a sostegno di una moda sempre più sostenibile. I passanti in vita, le tasche laterali in cucitura e quelle posteriori a doppio filetto con bottone completano il capo.
","- Composizione: 100% Lyocell
- Modello a due pinces
- Cintura con passanti
- Chiusura con bottone e zip
- Due tasche laterali a filetto
- Due tasche sul retro con bottone
- Ampiezza fondo: 22 cm
- Made in Italy","46, 48, 50, 52, 54",1100,"[{""color"":""blunavy"",""url"":""https://www.armani.com/variants/images/1647597298974779/F/w480.jpg""}]",https://www.armani.com/it-it/pantaloni-a-due-pinces-in-lyocell-armani-sustainability-values_cod1647597298974779.html
uomo,pantaloni,bianco,misto cotone,"Pantaloni flat front in lino e cotone canneté",P/E 2023,casual,everyday,"Pantaloni modello flat front realizzati in lino e cotone, dal motivo canneté, declinati nelle nuance passepartout di collezione. Un modello dallo spirito urbano, caratterizzato da una vestibilità morbida e confortevole, reso anche dalla gamba ampia, saranno il perfetto complemento di look da giorno in abbinamento alle maglie di collezione.
","- Composizione 66% Cotone 34% Lino
- Modello flat front
- Cintura con passanti
- Allacciatura con bottone e zip sottofinta
- Due tasche laterali in cucitura
- Due tasche a filetto sul retro
- Dettaglio risvolto imputurato
- Ampiezza fondo: 28 cm
- Made in Italy","46, 48, 50, 52, 54, 56",990,"[{""color"":""bianco"",""url"":""https://www.armani.com/variants/images/1647597298992039/F/w480.jpg""}]",https://www.armani.com/it-it/pantaloni-flat-front-in-lino-e-cotone-cannete_cod1647597298992039.html
uomo,abiti,nero,lana vergine,"Abito linea Soho in lana e cashmere
",P/E 2023,casual,everyday,"Abito sofisticato linea Soho che coniuga i dettagli della tradizione sartoriale con tessuti ricercati e pregiati che sottolineano l'immagine contemporanea del modello. La giacca, dal fit slim, ha revers a lancia, taschino e tasche a filetto. Abbottonatura monopetto a due bottoni. I pantaloni hanno linea classica, cinturino con passanti, chiusura con zip coperta e bottone.
","- Composizione 90% Lana Vergine 10% Cachemire
- Giacca monopetto con chiusura a due bottoni
- Revers a lancia
- Due tasche a filetto
- Taschino sul petto
- Due spacchi laterali sul retro
- Lunghezza: 73,5 cm
- Pantalone con chiusura con zip e bottone
- Due tasche a filetto laterali
- Due tasche a filetto sul retro con bottone
- Ampiezza fondo: 19 cm
- Made in Italy","44, 46, 48, 50, 52, 54, 56, 58, 60",2100,"[{""color"":""nero"",""url"":""https://www.armani.com/variants/images/17266703523712900/F/w480.jpg""}]",https://www.armani.com/it-it/abito-linea-soho-in-lana-e-cashmere_cod17266703523712900.html
uomo,camicie,bianco,cotone,"Camicia slim fit in jersey di cotone",P/E 2023,elegant,"everyday, business","Camicia realizzata in jersey di cotone. Il modello è definito dalla vestibilità slim, dal collo con vele piccole e stecche in metallo, carrè posteriore, pinces sulla schiena, bottoni in madreperla e cuciture all'inglese.
","- Composizione 100% Cotone
- Camicia slim fit
- Realizzata in jersey di cotone
- Collo con vele piccole e stecche in metallo
- Carrè posteriore
- Pinces sulla schiena
- Bottoni in madreperla
- Cuciture all'inglese
- Made in Italy","38, 39, 40, 41, 42",450,"[{""color"":""bianco"",""url"":""https://www.armani.com/variants/images/17411127375856269/F/w480.jpg""}]",https://www.armani.com/it-it/camicia-slim-fit-in-jersey-di-cotone_cod17411127375856269.html
uomo,abiti,nero e blu navy,lana vergine,"Abito Linea Soft monopetto in lana water repellent",P/E 2023,elegant,"cocktail, dinner","Abito Linea Soft realizzato con costruzione sartoriale definito dal fit slim. Il modello ha giacca con abbottonatura monopetto a due bottoni, spalla diritta e spacchi laterali dietro. Lunghezza: 74 cm. Pantaloni flat front slim fit costruzione classica con piega stirata.
","- Composizione 100% Lana Vergine
- Giacca chiusura monopetto a due bottoni, tasche con alette, collo con - - revers a specchio, spacchi laterali e taschino a filetto
- Pantaloni con bottone e zip
- Fondo pantaloni: 19 cm
- Lunghezza giacca: 74 cm
- Foderato
- Made in Italy","46, 48, 50, 52, 54, 56",1700,"[{""color"":""nero"",""url"":""https://www.armani.com/variants/images/17411127375778885/F/w480.jpg""},{""color"":""blunavy"",""url"":""https://www.armani.com/variants/images/1647597310258939/F/w480.jpg""}]",https://www.armani.com/it-it/abito-linea-soft-monopetto-in-lana-water-repellent_cod17411127375778885.html
uomo,giacche,beige,"viscosa, poliammide e elastan",Giacca monopetto in viscosa stretch bicolore,P/E 2023,elegant,"business, everyday","Giacca monopetto realizzata in viscosa stretch impreziosita dalla lavorazionecon motivo a righe diagonali bicolori. Il modello, con scollo a V e tasche applicate, grazie alla sua attitude décontracté si presta a completare look da giorno in chiave informale.","- Composizione 86% Viscosa 13% Poliammide 1% Elastan
- Scollo a V
- Chiusura con zip sottofinta
- Due tasche a toppa
- Un taschino a toppa sul petto
- Due spacchi sul retro
- Polsini con bottoni
- Sfoderata
- Lunghezza: 71 cm
- Made in Italy","44, 46, 48, 50, 52, 54",2200,"[{""color"":""beige"",""url"":""https://www.armani.com/variants/images/1647597298958020/F/w800.jpg""}]",https://www.armani.com/it-it/giacca-monopetto-in-viscosa-stretch-bicolore_cod1647597298958020.html
uomo,giacche,fantasia,"lino, viscosa e acetato",Giacca doppiopetto Linea Heritage in misto viscosa e seta jacquard,P/E 2023,elegant,"busniess, everyday, cocktail, dinner","Una nuova proposta di giacca doppiopetto, dalla vestibilità regular, che reinterpreta i modelli iconici della maison in una chiave più contemporanea. Un capo che rivede i codici stilistici della giacca classica da uomo, realizzata in misto viscosa e seta jacquard tono un tono. Il modello si caratterizza per il collo a scialle, la chiusura doppiopetto a due bottoni e la vestibilità confortevole, accentuata anche dall'assenza di fodera.","- Composizione 42% Acetato 33% Viscosa 25% Lino
- Giacca linea Heritage
- Revers a scialle
- Chiusura doppiopetto a due bottoni
- Due tasche a filetto
- Un taschino sul petto
- Polsini con bottoni
- Sfoderata
- Lunghezza: 75 cm
- Made in Italy","46, 48, 50, 52, 54, 56",2100,"[{""color"":""fantasia"",""url"":""https://www.armani.com/variants/images/1647597298957130/F/w960.jpg""}]",https://www.armani.com/it-it/giacca-doppiopetto-linea-heritage-in-misto-viscosa-e-seta-jacquard_cod1647597298957130.html
uomo,blouson ,blu,viscosa e acetato,Blouson in misto viscosa jacquard con logo all-over,P/E 2023,casual ,everyday,"Linee definite e design ricercato per blouson monopetto realizzato in misto viscosa dall'attitude rilassata. Un capo reso speciale dalla lavorazione jacquard all-over con logo GA, che si distingue per le tasche applicate con patta, la doppia chiusura con zip ed elastico al fondo, che ne sottolinea lo spirito versatile e sportivo.","- Composizione 58% Viscosa 42% Acetato
- Modello monopetto
- Chiusura con zip a doppio tiretto
- Due tasche applicate con patta e bottone
- Due tasche a filetto laterali
- Collo a camicia
- Polsi e vita con stringitori
- Sfoderato
- Lunghezza: 65 cm
- Made in Italy","46, 48, 50, 52, 54, 56",1700,"[{""color"":""blu"",""url"":""https://www.armani.com/variants/images/1647597298973661/F/w800.jpg""}]",https://www.armani.com/it-it/blouson-in-misto-viscosa-jacquard-con-logo-all-over_cod1647597298973661.html
uomo,pantaloni,blu,viscosa e acetato,Pantaloni a una pince in misto viscosa jacquard monogram,P/E 2023,casual ,everyday,"Pantaloni a una pince realizzati in misto viscosa, dalla finitura leggermente lucida. Un modello versatile e pratico, caratterizzato da volumi morbidi e confortevoli, reso particolare dalla lavorazione jacquard con monogram bicolore. Pensato per completare numerosi outfit da giorno, è perfetto da abbinare alle giacche e camicie di collezione.","- Composizione 58% Viscosa 42% Acetato
- Modello a una pince
- Elastico in vita
- Allacciatura con bottone e zip
- Due tasche laterali a filetto
- Una tasca a filetto sul retro
- Ampiezza fondo: 17 cm
- Made in Italy","46, 48, 50, 52, 54, 56",690,"[{""color"":""blu"",""url"":""https://www.armani.com/variants/images/1647597298987373/F/w800.jpg""}]",https://www.armani.com/it-it/pantaloni-a-una-pince-in-misto-viscosa-jacquard-monogram_cod1647597298987373.html
uomo,camicie,fantasia,cupro,Giacca camicia in cupro stampato Armani Sustainability Values,Armani Sustainability Values,casual ,everyday,"Giacca camicia realizzata in cupro certificato, che assicura la presenza di materiali riciclati tracciati e il rispetto dei criteri ambientali e sociali per la produzione. Un capo leggero, fresco e dalla vestibilità fluida, impreziosito dalla particolare stampa bicolore effetto onda, elemento ricorrente di questa parte di collezione, e dal dettaglio delle tue tasche con toppa applicate.","- Composizione 100% Cupro
- Giacca camicia monopetto
- Piccolo collo a scialle
- Allacciatura con bottoni a vista
- Polsini con bottone
- Dettaglio due tasche con pattina e bottone applicate sul petto
- Sfoderata
- Lunghezza: 70 cm
- Made in Italy","46, 48, 50, 52, 54, 56",1900,"[{""color"":""fantasia"",""url"":""https://www.armani.com/variants/images/1647597298957115/F/w800.jpg""}]",https://www.armani.com/it-it/giacca-camicia-in-cupro-stampato-armani-sustainability-values_cod1647597298957115.html
uomo,giacche,bianco e grigio chiaro,seta e poliammide,Giacca monopetto in twill di misto seta,P/E 2023,elegant,"everyday, cocktail, dinner","Giacca con vestibilità asciutta, completamente decostruita; caratteristica che conferisce al modello le iconiche linee fluide, grandi rappresentati dello stile Giorgio Armani. Modello monopetto a un bottone realizzato in twill di misto seta, impreziosita dal dettaglio a contrasto che crea un effetto di sovrapposizione. Un capo versatile e ricercato, perfetto alleato di look disinvolti.","- Composizione: 75% Seta 25% Poliammid
- Revers a specchio
- Chiusura monopetto a un bottone
- Due tasche a filetto
- Sfoderata
- Lunghezza: 73 cm
- Made in Italy","46, 48, 50, 52, 54,56 58",1900,"[{""color"":""bianco"",""url"":""https://www.armani.com/variants/images/1647597298958028/F/w800.jpg""}], [{""color"":""grigiochiaro"",""url"":""https://www.armani.com/variants/images/1647597298958029/F/w800.jpg""}]",https://www.armani.com/it-it/giacca-monopetto-in-twill-di-misto-seta_cod1647597298958028.html
uomo,t-shirt,"blu, nero e fantasia",cotone,T-shirt girocollo con maxi logo in interlock di cotone,P/E 2023,casual,everyday,"E' il logo il vero protagonista di questa t-shirt a maniche corte realizzata in interlock di puro cotone. Il modello, dalla vestibilità leggermente over, si caratterizza per il maxi logo ricamato a contrasto sulla parte frontale, che crea un effetto tridimensionale di impatto. Un capo adatto a look dallo spirito disinvolto e casual.","- Composizione: 100% Cotone
- Girocollo
- Maniche corte
- Maxi logo GA ricamato a contrasto sul davanti
- Collo riportato nel suo tessuto
- Made in Italy","46, 48, 50, 52, 54, 56, 58, 60",450,"[{""color"":""blu"",""url"":""https://www.armani.com/variants/images/1647597301062653/F/w800.jpg""}],[{""color"":""fantasia"",""url"":""https://www.armani.com/variants/images/1647597298987348/F/w800.jpg""}], [{""color"":""nero"",""url"":""https://www.armani.com/variants/images/1647597301062654/F/w800.jpg""}]",https://www.armani.com/it-it/t-shirt-girocollo-con-maxi-logo-in-interlock-di-cotone_cod1647597301062653.html